{"cameraMode":{"drawMode":0,"name":"Shaded","section":"Shading Mode"},"sceneLighting":true,"audioPlay":false,"sceneViewState":{"m_AlwaysRefresh":false,"showFog":true,"showSkybox":true,"showFlares":true,"showImageEffects":true,"showParticleSystems":true,"showVisualEffectGraphs":true,"m_FxEnabled":true},"in2DMode":false,"pivot":{"x":6.236498832702637,"y":-0.16731315851211549,"z":0.4712771773338318},"rotation":{"x":-0.1477820724248886,"y":0.3799329400062561,"z":-0.061628878116607669,"w":-0.9110532402992249},"size":1.1565437316894532,"orthographic":false}